[
    {
        "id": 1,
        "name": "Ricko",
        "description": "The best card",
        "level": 1,
        "power": 7,
        "attack": 11,
        "armor": 6,
        "damage": 1845,
        "mitigation": 18,
        "played": 499546,
        "victory": 320499,
        "defeat": 166596,
        "draw": 12451
    },
    {
        "id": 2,
        "name": "Popo",
        "level": 1,
        "power": 7,
        "attack": 10,
        "armor": 7,
        "damage": 1353,
        "mitigation": 21,
        "played": 500062,
        "victory": 320801,
        "defeat": 166694,
        "draw": 12567
    },
    {
        "id": 3,
        "name": "Loulou",
        "level": 1,
        "power": 7,
        "attack": 9,
        "armor": 8,
        "damage": 1230,
        "mitigation": 24,
        "played": 501437,
        "victory": 321374,
        "defeat": 167509,
        "draw": 12554
    },
    {
        "id": 4,
        "name": "Daïko",
        "level": 1,
        "power": 7,
        "attack": 8,
        "armor": 9,
        "damage": 1107,
        "mitigation": 27,
        "played": 499958,
        "victory": 320326,
        "defeat": 167186,
        "draw": 12446
    },
    {
        "id": 5,
        "name": "JJ",
        "level": 1,
        "power": 6,
        "attack": 12,
        "armor": 6,
        "damage": 2214,
        "mitigation": 18,
        "played": 499004,
        "victory": 285768,
        "defeat": 197039,
        "draw": 16197
    },
    {
        "id": 6,
        "name": "Inès",
        "level": 1,
        "power": 6,
        "attack": 10,
        "armor": 8,
        "damage": 1353,
        "mitigation": 24,
        "played": 500127,
        "victory": 286449,
        "defeat": 197676,
        "draw": 16002
    },
    {
        "id": 7,
        "name": "Stan",
        "level": 1,
        "power": 6,
        "attack": 9,
        "armor": 9,
        "damage": 1230,
        "mitigation": 27,
        "played": 498937,
        "victory": 284823,
        "defeat": 198239,
        "draw": 15875
    },
    {
        "id": 8,
        "name": "Bob",
        "level": 1,
        "power": 6,
        "attack": 7,
        "armor": 11,
        "damage": 984,
        "mitigation": 33,
        "played": 501553,
        "victory": 287171,
        "defeat": 198111,
        "draw": 16271
    },
    {
        "id": 9,
        "name": "Nikita",
        "level": 1,
        "power": 5,
        "attack": 14,
        "armor": 5,
        "damage": 2829,
        "mitigation": 15,
        "played": 500690,
        "victory": 248043,
        "defeat": 236767,
        "draw": 15880
    },
    {
        "id": 10,
        "name": "Néo",
        "level": 1,
        "power": 5,
        "attack": 11,
        "armor": 8,
        "damage": 1476,
        "mitigation": 24,
        "played": 500809,
        "victory": 247620,
        "defeat": 237474,
        "draw": 15715
    },
    {
        "id": 11,
        "name": "Pi",
        "level": 1,
        "power": 5,
        "attack": 10,
        "armor": 9,
        "damage": 1353,
        "mitigation": 27,
        "played": 501084,
        "victory": 247739,
        "defeat": 237341,
        "draw": 16004
    },
    {
        "id": 12,
        "name": "Qi",
        "level": 1,
        "power": 5,
        "attack": 6,
        "armor": 13,
        "damage": 861,
        "mitigation": 37,
        "played": 500248,
        "victory": 247659,
        "defeat": 236577,
        "draw": 16012
    },
    {
        "id": 13,
        "name": "Karl",
        "level": 1,
        "power": 5,
        "attack": 4,
        "armor": 15,
        "damage": 615,
        "mitigation": 45,
        "played": 499783,
        "victory": 247117,
        "defeat": 236713,
        "draw": 15953
    },
    {
        "id": 14,
        "name": "Carlos",
        "level": 1,
        "power": 4,
        "attack": 16,
        "armor": 4,
        "damage": 3444,
        "mitigation": 12,
        "played": 500391,
        "victory": 200341,
        "defeat": 283908,
        "draw": 16142
    },
    {
        "id": 15,
        "name": "Idril",
        "level": 1,
        "power": 4,
        "attack": 10,
        "armor": 10,
        "damage": 1353,
        "mitigation": 30,
        "played": 499992,
        "victory": 199827,
        "defeat": 283938,
        "draw": 16227
    },
    {
        "id": 16,
        "name": "Valar",
        "level": 1,
        "power": 4,
        "attack": 5,
        "armor": 15,
        "damage": 738,
        "mitigation": 48,
        "played": 499275,
        "victory": 200115,
        "defeat": 283012,
        "draw": 16148
    },
    {
        "id": 17,
        "name": "Rosa",
        "level": 1,
        "power": 4,
        "attack": 3,
        "armor": 17,
        "damage": 492,
        "mitigation": 56,
        "played": 499305,
        "victory": 199384,
        "defeat": 283606,
        "draw": 16315
    },
    {
        "id": 18,
        "name": "Matt",
        "level": 1,
        "power": 3,
        "attack": 1,
        "armor": 20,
        "damage": 246,
        "mitigation": 71,
        "played": 499763,
        "victory": 90918,
        "defeat": 395978,
        "draw": 12867
    },
    {
        "id": 19,
        "name": "Vaïna",
        "level": 1,
        "power": 3,
        "attack": 3,
        "armor": 18,
        "damage": 492,
        "mitigation": 63,
        "played": 501324,
        "victory": 148090,
        "defeat": 339352,
        "draw": 13882
    },
    {
        "id": 20,
        "name": "Mario",
        "level": 1,
        "power": 2,
        "attack": 20,
        "armor": 2,
        "damage": 4674,
        "mitigation": 6,
        "played": 499894,
        "victory": 147942,
        "defeat": 338290,
        "draw": 13662
    }
]